Symbol,Series,Prev Close,Open Price,High Price,Low Price,Last Price,Close Price,Average Price,Total Traded Quantity,Turnover,No. of Trades,Deliverable Qty,% Dly Qt to Traded Qty,Day_Perc_Change,Trend,Ave,Upper,Lower
DHFL,EQ,426.65,429.5,434.4,427.05,431.0,431.4,430.94,1160661,500175906.3,15111,295581,25.47,0.0,Slight or No change,,,
DHFL,EQ,431.4,431.0,433.8,421.65,424.05,424.45,425.13,1662805,706915227.6,31644,681320,40.97,-1.6110338433008795,Negative,,,
DHFL,EQ,424.45,424.5,432.5,420.1,428.3,429.0,428.13,1443843,618148331.2,20808,371928,25.76,1.0719754977029041,Positive,,,
DHFL,EQ,429.0,424.95,427.9,416.55,418.5,417.95,422.22,1639654,692300664.05,32812,534358,32.59,-2.575757575757576,Negative,,,
DHFL,EQ,417.95,423.0,426.45,398.65,405.9,404.2,411.93,2693962,1109715622.8,33554,884888,32.85,-3.289867208996289,Among top losers,,,
DHFL,EQ,404.2,408.0,412.15,400.25,403.9,404.0,405.76,1636114,663874862.95,21505,445687,27.24,-0.04948045522018552,Slight or No change,,,
DHFL,EQ,404.0,405.95,411.8,387.2,400.5,402.0,400.48,2322519,930124260.75,30348,489515,21.08,-0.4950495049504955,Slight or No change,,,
DHFL,EQ,402.0,404.8,407.9,392.5,397.5,395.55,399.79,1984614,793435506.3,31616,533717,26.89,-1.6044776119402917,Negative,,,
DHFL,EQ,395.55,397.45,407.6,397.3,404.95,405.5,403.71,3393790,1370107530.85,56100,1958807,57.72,2.5154847680444847,Positive,,,
DHFL,EQ,405.5,411.9,415.45,408.7,411.0,410.65,411.89,2555251,1052480440.75,35435,760344,29.76,1.2700369913686729,Positive,,,
DHFL,EQ,410.65,412.0,419.7,409.95,411.2,410.95,414.27,1944213,805426135.55,37384,578026,29.73,0.07305491294289368,Slight or No change,,,
DHFL,EQ,410.95,411.2,414.0,408.0,412.8,412.15,411.35,1364490,561285704.5,29192,535078,39.21,0.2920063268037509,Slight or No change,,,
DHFL,EQ,412.15,414.45,421.45,412.55,418.0,416.65,417.86,2502720,1045783694.95,55464,969147,38.72,1.091835496785154,Positive,,,
DHFL,EQ,416.65,417.7,419.8,414.0,416.5,416.9,416.54,1364330,568303436.6,40287,516303,37.84,0.060002400096004216,Slight or No change,412.954,433.925,391.982
DHFL,EQ,416.9,418.5,420.5,410.25,413.5,414.25,415.03,1208328,501494025.75,14783,477032,39.48,-0.6356440393379681,Slight negative,411.729,429.871,393.586
DHFL,EQ,414.25,415.0,431.95,414.0,431.55,430.75,426.07,2860841,1218918845.95,34776,876492,30.64,3.9831019915509858,Among top gainers,412.179,431.922,392.435
DHFL,EQ,430.75,433.0,434.85,422.15,423.8,424.6,428.24,2238759,958716790.2,28924,602812,26.93,-1.4277423099245399,Negative,411.864,430.567,393.162
DHFL,EQ,424.6,426.8,433.9,422.25,433.8,431.45,428.56,2066575,885659061.55,27190,457660,22.15,1.6132830899670214,Positive,412.829,434.099,391.559
DHFL,EQ,431.45,435.0,438.0,430.4,433.6,434.45,434.23,2019357,876868807.1,22017,451099,22.34,0.6953297021671023,Slight positive,414.989,438.51,391.468
DHFL,EQ,434.45,434.7,437.8,432.65,435.3,435.7,435.56,1429383,622587953.5,16806,466865,32.66,0.2877201058810064,Slight or No change,417.254,442.273,392.234
DHFL,EQ,435.7,433.2,436.2,425.15,429.0,428.35,430.75,1379624,594274467.1,26398,434735,31.51,-1.6869405554280403,Negative,419.136,443.157,395.115
DHFL,EQ,428.35,429.6,444.25,429.1,439.55,440.1,439.05,3321654,1458365000.15,41823,933218,28.09,2.7430839266954665,Positive,422.318,444.622,400.014
DHFL,EQ,440.1,442.0,449.0,441.55,446.5,446.4,445.28,2551411,1136098515.4,34430,489987,19.2,1.4314928425357865,Positive,425.239,448.736,401.742
DHFL,EQ,446.4,446.0,464.7,443.4,464.7,463.25,457.28,4737401,2166328484.85,71522,1467727,30.98,3.774641577060933,Among top gainers,428.996,458.498,399.494
DHFL,EQ,463.25,464.0,466.6,451.1,452.7,454.8,458.71,2954283,1355149638.3,32086,1025700,34.72,-1.8240690771721524,Negative,432.129,462.67,401.587
DHFL,EQ,454.8,457.0,461.95,455.1,458.4,458.85,459.13,1791880,822712860.9,19516,618637,34.52,0.8905013192612055,Slight positive,435.464,466.797,404.132
DHFL,EQ,458.85,459.5,466.85,455.55,459.45,459.9,462.15,1881586,869579584.2,22681,423060,22.48,0.22883295194506825,Slight or No change,438.554,470.419,406.688
DHFL,EQ,459.9,458.1,465.4,457.6,461.1,461.2,462.28,1619491,748665790.95,22427,842739,52.04,0.28267014568383875,Slight or No change,441.718,473.116,410.32
DHFL,EQ,461.2,462.0,468.7,452.55,457.3,456.5,462.07,2461041,1137170594.45,43205,997511,40.53,-1.01908065915004,Negative,444.736,472.694,416.777
DHFL,EQ,456.5,457.95,458.1,436.0,440.7,439.8,442.98,2791780,1236712730.95,39621,790680,28.32,-3.658269441401973,Among top losers,445.382,472.349,418.416
DHFL,EQ,439.8,440.0,440.7,422.7,425.8,426.5,428.55,1939472,831153144.4,29067,512153,26.41,-3.0241018644838635,Among top losers,445.518,472.049,418.986
DHFL,EQ,426.5,423.5,435.0,417.85,428.0,427.85,427.72,1953283,835465707.9,20884,541618,27.73,0.3165298944900474,Slight or No change,445.261,472.441,418.08
DHFL,EQ,427.85,428.75,442.0,428.75,437.4,436.2,436.68,2107207,920173664.05,25842,355323,16.86,1.9516185579057987,Positive,445.386,472.368,418.404
DHFL,EQ,436.2,436.95,439.5,430.0,436.5,437.2,435.84,1646879,717769327.05,24761,489505,29.72,0.2292526364053193,Slight or No change,445.493,472.321,418.665
DHFL,EQ,437.2,437.2,445.5,437.2,443.15,442.45,442.4,1227960,543248911.7,16702,461260,37.56,1.2008234217749214,Positive,446.5,471.556,421.444
DHFL,EQ,442.45,443.05,446.45,432.15,436.3,435.95,438.04,1333859,584277160.2,18814,416523,31.23,-1.4690925528308307,Negative,446.204,471.68,420.727
DHFL,EQ,435.95,438.0,438.8,433.6,435.75,435.8,435.88,1210598,527673593.85,23646,482080,39.82,-0.03440761555223437,Slight or No change,445.446,471.521,419.372
DHFL,EQ,435.8,436.0,442.15,435.8,437.05,437.9,439.77,1242291,546324106.85,33297,459568,36.99,0.4818724185406076,Slight or No change,443.636,467.838,419.434
DHFL,EQ,437.9,436.95,438.95,434.5,435.15,435.55,436.16,760038,331501468.55,13828,234649,30.87,-0.5366522036994725,Slight negative,442.261,465.912,418.61
DHFL,EQ,435.55,435.95,471.0,435.95,437.5,437.05,437.81,160422,70234701.8,2814,67370,42.0,0.3443921478590184,Slight or No change,440.704,462.443,418.964
DHFL,EQ,437.05,438.9,446.5,435.0,436.5,437.45,441.49,1517250,669853461.7,21319,528288,34.82,0.0915227090721782,Slight or No change,439.1,457.845,420.355
DHFL,EQ,437.45,438.0,438.0,428.3,435.95,434.9,432.52,1553082,671746386.3,30534,467384,30.09,-0.5829237627157369,Slight negative,437.221,451.054,423.389
DHFL,EQ,434.9,436.1,444.4,434.45,443.5,443.0,440.94,3079509,1357874423.3,67445,1442954,46.86,1.8624971257760412,Positive,436.257,445.381,427.133
DHFL,EQ,443.0,445.5,446.0,440.0,442.5,443.05,442.9,1795677,795311338.2,31013,656629,36.57,0.011286681715572122,Slight or No change,436.489,446.151,426.828
DHFL,EQ,443.05,446.0,457.6,442.0,457.2,456.15,451.39,2449950,1105894153.95,27802,760330,31.03,2.95677688748448,Positive,438.607,451.345,425.869
DHFL,EQ,456.15,457.15,463.2,454.4,460.0,459.75,459.64,3357752,1543371886.4,32997,1046532,31.17,0.7892140743176679,Slight positive,440.886,456.437,425.335
DHFL,EQ,459.75,462.8,470.9,460.25,470.1,469.25,467.03,2427825,1133875070.85,37621,915013,37.69,2.066340402392597,Positive,443.246,464.662,421.831
DHFL,EQ,469.25,471.2,478.65,469.55,477.7,477.6,474.23,2981582,1413968599.2,36286,1225385,41.1,1.7794352690463588,Positive,446.132,473.964,418.3
DHFL,EQ,477.6,478.4,478.5,447.2,457.45,458.75,461.53,6291819,2903881018.85,80104,1532637,24.36,-3.9468174204355115,Among top losers,447.296,475.82,418.773
DHFL,EQ,458.75,461.0,462.65,453.0,456.0,455.9,457.69,1385041,633914365.05,21027,259704,18.75,-0.6212534059945596,Slight negative,448.721,476.793,420.65
DHFL,EQ,455.9,456.0,463.9,454.3,463.0,462.55,459.68,2062120,947921481.0,35819,524738,25.45,1.4586532134239991,Positive,450.632,478.556,422.708
DHFL,EQ,462.55,463.5,465.5,456.1,459.25,458.75,461.04,1083418,499496246.1,15608,211653,19.54,-0.8215328072640804,Slight negative,452.121,479.335,424.907
DHFL,EQ,458.75,461.45,462.5,446.25,453.0,449.75,454.05,2504065,1136976463.8,29973,1325047,52.92,-1.9618528610354182,Negative,453.136,478.698,427.574
DHFL,EQ,449.75,449.95,461.75,448.25,459.15,460.4,457.5,2123506,971503844.75,22015,663457,31.24,2.3679822123401806,Positive,454.804,478.846,430.761
DHFL,EQ,460.4,464.05,464.3,455.9,457.1,456.75,459.53,1630032,749041184.9,22726,521604,32.0,-0.7927888792354398,Slight negative,456.182,478.054,434.311
DHFL,EQ,456.75,459.0,466.85,457.0,466.7,465.95,462.64,1503150,695415047.5,32788,618014,41.11,2.0142309797482216,Positive,458.4,477.032,439.768
DHFL,EQ,465.95,468.0,468.5,459.0,459.1,460.8,462.25,1827849,844919286.5,33915,671842,36.76,-1.1052688056658375,Negative,459.671,476.073,443.27
DHFL,EQ,460.8,460.0,460.0,446.25,451.3,450.85,454.7,1612049,732998680.1,58235,761770,47.25,-2.159288194444442,Negative,460.229,474.602,445.855
DHFL,EQ,450.85,448.95,458.3,443.25,456.55,456.7,452.36,1246601,563909997.05,23628,355572,28.52,1.297549073971371,Positive,460.268,474.597,445.939
DHFL,EQ,456.7,459.0,462.5,454.6,456.35,456.75,458.49,1280797,587230220.1,17113,626770,48.94,0.010948105977659495,Slight or No change,460.054,474.505,445.602
DHFL,EQ,456.75,457.4,461.5,446.5,449.0,448.85,452.62,1258837,569777148.2,19148,468130,37.19,-1.7296113847837913,Negative,458.596,473.167,444.026
DHFL,EQ,448.85,446.0,447.4,424.2,424.7,427.85,433.97,2466869,1070542238.55,32965,802186,32.52,-4.678623148045002,Among top losers,455.043,473.418,436.668
DHFL,EQ,427.85,422.05,427.35,391.3,412.05,406.35,413.01,2707782,1118349256.05,31600,620918,22.93,-5.025125628140703,Among top losers,451.3,482.964,419.636
DHFL,EQ,406.35,395.05,420.0,391.2,419.0,416.8,410.4,2937478,1205552580.95,39572,560370,19.08,2.5716746646979205,Positive,448.507,484.959,412.055
DHFL,EQ,416.8,422.4,441.4,422.4,437.05,438.75,432.25,2106047,910347082.95,25923,440538,20.92,5.26631477927062,Among top gainers,446.807,482.653,410.962
DHFL,EQ,438.75,440.45,453.15,427.65,448.0,449.0,444.73,3625967,1612584999.1,35229,615508,16.98,2.3361823361823357,Positive,446.111,481.33,410.891
DHFL,EQ,449.0,449.3,454.5,443.4,448.0,448.45,449.07,1409477,632960760.15,17189,326351,23.15,-0.12249443207127395,Slight or No change,446.018,481.203,410.833
DHFL,EQ,448.45,440.0,453.0,438.05,450.05,450.35,444.72,2096498,932355212.1,30292,470750,22.45,0.42368156985170813,Slight or No change,445.3,479.62,410.98
DHFL,EQ,450.35,447.0,462.25,446.25,449.0,448.75,456.07,5630103,2567693580.55,48189,1598549,28.39,-0.3552792272676908,Slight or No change,444.729,478.489,410.968
DHFL,EQ,448.75,451.0,464.0,449.6,458.5,455.8,457.1,4689830,2143738156.1,68302,1110363,23.68,1.5710306406685248,Positive,444.004,476.201,411.806
DHFL,EQ,455.8,458.75,471.0,457.15,469.9,467.75,464.7,4611259,2142862415.6,39954,1257529,27.27,2.621763931548915,Positive,444.5,478.001,410.999
DHFL,EQ,467.75,470.0,480.0,467.35,472.55,474.05,474.32,5950326,2822382508.5,46610,558261,9.38,1.3468733297701707,Positive,446.157,483.127,409.187
DHFL,EQ,474.05,476.0,494.45,473.0,491.85,490.95,483.18,5986903,2892743112.25,48791,946079,15.8,3.5650247864149387,Among top gainers,448.604,492.468,404.739
DHFL,EQ,490.95,490.7,500.9,485.55,493.1,493.4,494.92,6533564,3233567926.9,56288,885500,13.55,0.4990324880334018,Slight or No change,451.221,501.138,401.305
DHFL,EQ,493.4,498.5,507.0,497.0,502.4,503.4,503.66,4406197,2219203424.0,37362,424062,9.62,2.0267531414673634,Positive,455.118,512.234,398.002
DHFL,EQ,503.4,503.0,507.9,501.0,504.9,505.2,504.55,5634352,2842814522.95,50767,1791702,31.8,0.35756853396902155,Slight or No change,460.643,521.254,400.032
DHFL,EQ,505.2,507.2,519.5,502.15,515.45,516.95,513.09,3696712,1896732298.4,29734,426170,11.53,2.3258115597783124,Positive,468.543,527.479,409.607
DHFL,EQ,516.95,517.95,526.75,510.75,521.0,520.85,519.69,4044941,2102111150.5,40614,412542,10.2,0.7544249927459168,Slight positive,475.975,533.015,418.935
DHFL,EQ,520.85,524.0,553.4,522.1,549.8,550.35,538.84,6145012,3311208206.0,66343,724381,11.79,5.6638187577997545,Among top gainers,483.946,549.181,418.712
DHFL,EQ,550.35,548.0,562.1,544.8,554.4,556.0,554.89,6612304,3669084558.2,57478,475715,7.19,1.0266194240029058,Positive,491.589,563.877,419.301
DHFL,EQ,556.0,560.0,563.55,540.0,550.95,550.95,553.69,5799758,3211284421.45,62044,799205,13.78,-0.908273381294955,Slight negative,498.911,573.115,424.707
DHFL,EQ,550.95,555.95,555.95,542.0,544.75,544.3,546.47,3627433,1982284218.45,38470,1016590,28.03,-1.207006080406592,Negative,505.621,577.875,433.368
DHFL,EQ,544.3,547.0,559.85,538.4,547.55,548.3,549.89,7750776,4262045736.4,50417,848266,10.94,0.7348888480617211,Slight positive,512.732,580.319,445.145
DHFL,EQ,548.3,551.7,564.4,547.2,555.8,557.8,556.7,9243811,5146050461.95,68392,1028810,11.13,1.7326281232901808,Positive,520.018,583.002,457.034
DHFL,EQ,557.8,556.0,564.9,549.45,551.0,552.1,557.45,3324914,1853471238.35,33428,611465,18.39,-1.0218716385801296,Negative,526.043,583.373,468.713
DHFL,EQ,552.1,557.7,566.25,555.05,560.7,561.0,560.32,4940950,2768534168.65,41822,626434,12.68,1.6120268067379095,Positive,532.254,583.875,480.632
DHFL,EQ,561.0,558.9,579.4,550.1,578.0,568.3,562.1,3851127,2164725643.5,42320,1380907,35.86,1.3012477718360005,Positive,537.779,586.852,488.705
DHFL,EQ,568.3,578.5,607.2,578.2,605.9,602.05,598.31,8201302,4906890357.55,72082,738702,9.01,5.93876473693471,Among top gainers,545.539,598.584,492.494
DHFL,EQ,602.05,608.7,618.0,603.3,613.0,609.4,610.42,5315579,3244723318.25,51118,697130,13.11,1.2208288348143803,Positive,553.111,610.341,495.881
DHFL,EQ,609.4,609.4,609.4,553.45,586.8,590.75,593.92,6240593,3706419458.2,72168,983638,15.76,-3.060387266163433,Among top losers,559.221,612.551,505.892
DHFL,EQ,590.75,590.75,601.0,566.55,590.0,595.4,584.64,6874575,4019181546.25,62085,1102827,16.04,0.7871349978840314,Slight positive,564.825,615.439,514.211
DHFL,EQ,595.4,586.9,587.9,560.1,561.0,568.2,575.79,5176957,2980822568.55,60569,1289300,24.9,-4.568357406785339,Among top losers,568.207,612.036,524.379
DHFL,EQ,568.2,562.9,565.55,520.0,525.0,524.55,532.7,8695439,4632069920.5,131574,3634203,41.79,-7.682154171066546,Bear drop,566.364,615.299,517.429
DHFL,EQ,524.55,525.0,559.65,524.75,553.85,556.4,544.8,11497697,6263932743.35,120050,3170416,27.57,6.0718711276332105,Among top gainers,566.393,615.302,517.483
DHFL,EQ,556.4,559.0,560.0,520.0,529.2,525.55,538.49,5825402,3136921839.2,118699,1853506,31.82,-5.544572250179735,Among top losers,564.579,617.662,511.495
DHFL,EQ,525.55,531.0,538.0,512.65,536.75,534.35,531.85,4758109,2530616471.3,65099,1414775,29.73,1.6744363048235344,Positive,563.868,618.368,509.367
DHFL,EQ,534.35,538.85,559.55,538.85,554.75,549.65,553.27,4957207,2742661928.5,58131,1197142,24.15,2.8632918499110978,Positive,563.964,618.351,509.578
DHFL,EQ,549.65,561.15,562.1,546.0,548.85,549.7,552.58,7161529,3957342412.95,78384,3298870,46.06,0.009096697898680615,Slight or No change,563.386,618.225,508.546
DHFL,EQ,549.7,553.0,560.0,545.2,557.8,553.85,554.07,4688610,2597811486.9,53367,1215817,25.93,0.754957249408772,Slight positive,563.511,618.247,508.774
DHFL,EQ,553.85,556.9,576.15,554.5,559.75,558.1,566.08,7114195,4027223949.35,96183,1691899,23.78,0.7673557822515109,Slight positive,563.304,618.103,508.504
DHFL,EQ,558.1,562.5,565.5,544.25,546.0,546.55,555.11,6214734,3449877643.8,107113,2455845,39.52,-2.0695215911127107,Negative,561.75,617.169,506.331
DHFL,EQ,546.55,551.0,551.5,527.45,545.2,544.7,543.11,3587642,1948493228.8,56500,1182416,32.96,-0.3384868721983181,Slight or No change,557.654,608.533,506.774
DHFL,EQ,544.7,548.0,558.0,547.1,551.25,551.55,552.82,3979626,2200030359.6,40472,1336967,33.6,1.2575729759500387,Positive,553.521,594.785,512.258
DHFL,EQ,551.55,557.0,557.5,520.5,521.25,526.15,535.49,8233523,4408936479.75,92494,2208933,26.83,-4.605203517360168,Among top losers,548.907,586.524,511.29
DHFL,EQ,526.15,528.2,543.7,523.65,531.15,532.0,533.03,7519111,4007896622.9,72638,1463313,19.46,1.1118502328233415,Positive,544.379,571.757,517.0
DHFL,EQ,532.0,533.0,546.85,532.0,535.65,537.8,538.35,10918209,5877809151.25,102803,3150693,28.86,1.0902255639097636,Positive,542.207,566.039,518.375
DHFL,EQ,537.8,541.0,564.9,538.35,564.45,558.25,550.23,14842280,8166679672.95,143529,2582409,17.4,3.802528821123108,Among top gainers,544.614,567.555,521.674
DHFL,EQ,558.25,560.0,599.9,557.0,584.75,591.85,581.07,17675001,10270423813.65,154183,2981230,16.87,6.018808777429463,Among top gainers,547.146,580.946,513.347
DHFL,EQ,591.85,586.0,607.9,584.4,597.9,602.5,598.84,11557153,6920912660.1,105314,1689782,14.62,1.7994424262904432,Positive,552.643,595.205,510.08
DHFL,EQ,602.5,598.0,610.5,585.25,588.5,594.35,602.81,3824258,2305308548.1,31101,825938,21.6,-1.3526970954356845,Negative,556.929,603.455,510.402
DHFL,EQ,594.35,598.0,604.8,573.6,585.5,582.95,591.33,7375531,4361397502.95,56515,1012271,13.72,-1.9180617481282078,Negative,559.307,607.602,511.012
DHFL,EQ,582.95,586.5,604.3,579.5,595.8,596.65,596.63,7910833,4719816195.85,67277,1330562,16.82,2.3501157903765173,Positive,562.661,614.474,510.848
DHFL,EQ,596.65,599.8,602.4,568.8,581.4,577.8,577.57,9783883,5650868362.15,87000,2156481,22.04,-3.1593061258694437,Among top losers,564.371,616.512,512.231
DHFL,EQ,577.8,583.9,614.45,573.55,598.0,603.65,599.11,16212629,9713127587.25,102090,3345828,20.64,4.473866389754244,Among top gainers,567.625,623.622,511.628
DHFL,EQ,603.65,603.7,619.9,582.3,610.75,611.55,598.64,10417993,6236656567.2,61809,2383253,22.88,1.3087053756315692,Positive,572.268,631.427,513.109
DHFL,EQ,611.55,614.8,652.4,611.2,647.0,647.9,634.84,10072988,6394770612.45,86296,2465310,24.47,5.943913007930667,Among top gainers,579.639,648.863,510.415
DHFL,EQ,647.9,651.65,653.3,637.25,641.5,642.75,644.54,5702864,3675738264.25,51164,1438464,25.22,-0.7948757524309236,Slight negative,586.154,660.933,511.375
DHFL,EQ,642.75,649.0,657.0,638.6,638.7,642.25,647.16,5877409,3803645260.55,58181,1339827,22.8,-0.0777907429015956,Slight or No change,594.446,666.252,522.641
DHFL,EQ,642.25,646.45,662.8,642.7,650.3,649.75,654.01,7105285,4646939277.55,49127,2204455,31.03,1.1677695601401306,Positive,602.857,670.626,535.089
DHFL,EQ,649.75,651.0,679.0,647.7,667.5,665.65,665.85,8917594,5937771166.85,57037,1082133,12.13,2.447095036552516,Positive,611.989,676.365,547.614
DHFL,EQ,665.65,666.65,671.25,638.75,641.45,642.15,648.48,6844600,4438555289.8,47377,2793362,40.81,-3.5303838353489048,Among top losers,617.982,676.127,559.837
DHFL,EQ,642.15,645.0,649.65,626.1,629.5,632.85,635.22,3765843,2392154573.95,48725,755296,20.06,-1.4482597523942986,Negative,620.911,677.495,564.326
DHFL,EQ,632.85,633.4,637.55,620.0,624.25,624.0,626.71,3792422,2376730111.3,33236,932766,24.6,-1.3984356482578897,Negative,622.446,678.037,566.856
DHFL,EQ,624.0,626.6,653.5,626.55,634.15,633.0,642.25,10926166,7017333429.0,73835,2424874,22.19,1.4423076923076872,Positive,625.207,678.581,571.833
DHFL,EQ,633.0,633.0,645.7,625.0,640.5,638.4,636.99,4282302,2727787530.85,48271,716707,16.74,0.8530805687203769,Slight positive,629.168,676.973,581.362
DHFL,EQ,638.4,642.2,646.85,629.25,636.0,633.2,637.1,2943366,1875210643.85,31699,340710,11.58,-0.8145363408521233,Slight negative,631.779,675.775,587.783
DHFL,EQ,633.2,636.4,639.8,617.8,618.0,621.85,628.65,2979765,1873235437.35,38816,765433,25.69,-1.7924826279216766,Negative,634.925,666.969,602.881
DHFL,EQ,621.85,621.95,631.45,610.1,612.0,615.45,620.04,3636369,2254701958.5,32108,748556,20.59,-1.029187102999107,Negative,635.768,664.742,606.794
DHFL,EQ,615.45,615.8,636.8,612.1,621.8,623.5,624.83,4862038,3037966591.35,42225,1029459,21.17,1.3079860264846754,Positive,636.621,663.12,610.122
DHFL,EQ,623.5,634.35,654.65,632.2,632.85,635.5,642.81,6273991,4033006771.9,51447,1104926,17.61,1.924619085805945,Positive,635.736,661.427,610.044
DHFL,EQ,635.5,638.4,644.65,632.5,636.8,638.55,638.6,4789695,3058706232.15,43908,1155248,24.12,0.4799370574350759,Slight or No change,635.436,660.871,610.0
DHFL,EQ,638.55,642.95,645.7,617.15,619.2,621.35,633.86,3704470,2348114460.2,26919,854550,23.07,-2.6936026936026813,Negative,633.943,660.099,607.787
DHFL,EQ,621.35,622.0,630.25,620.0,620.9,620.4,623.18,2898080,1806029858.1,30309,754552,26.04,-0.15289289450390875,Slight or No change,631.846,657.238,606.454
DHFL,EQ,620.4,623.0,629.45,616.2,620.0,618.65,622.13,3811403,2371186304.2,24891,502247,13.18,-0.28207607994842343,Slight or No change,628.489,645.758,611.221
DHFL,EQ,618.65,623.5,632.0,615.6,619.5,618.0,622.65,4027641,2507821367.35,33452,960966,23.86,-0.10506748565424218,Slight or No change,626.764,642.945,610.584
DHFL,EQ,618.0,618.0,627.0,608.05,615.85,615.95,618.63,2394853,1481527560.0,23224,513291,21.43,-0.3317152103559762,Slight or No change,625.557,642.294,608.82
DHFL,EQ,615.95,618.0,624.4,615.0,616.5,616.6,619.1,1645701,1018847186.15,22877,326573,19.84,0.1055280461076391,Slight or No change,625.029,642.431,607.626
DHFL,EQ,616.6,618.75,622.7,615.5,620.0,618.2,619.27,1222174,756859710.55,16206,324864,26.58,0.2594875121634699,Slight or No change,623.971,641.084,606.859
DHFL,EQ,618.2,616.5,621.25,613.15,618.0,616.55,616.95,3870832,2388116488.35,36457,927226,23.95,-0.2669039145907659,Slight or No change,622.411,637.748,607.073
DHFL,EQ,616.55,619.7,635.5,597.2,601.0,599.95,620.49,5925552,3676751471.5,66833,1602171,27.04,-2.6924012651041935,Negative,620.036,638.211,601.86
DHFL,EQ,599.95,605.0,606.65,582.3,591.8,590.65,592.97,2313860,1372043986.75,29836,632561,27.34,-1.5501291774314585,Negative,617.807,641.758,593.856
DHFL,EQ,590.65,580.5,600.85,575.55,595.2,596.65,587.1,3780450,2219494038.7,44741,537108,14.21,1.0158300177770307,Positive,616.464,642.957,589.971
DHFL,EQ,596.65,590.0,595.0,583.65,584.5,586.0,589.55,1626874,959122348.05,24140,421983,25.94,-1.784966060504478,Negative,613.786,644.467,583.105
DHFL,EQ,586.0,585.0,604.65,584.5,602.4,601.85,596.43,1987387,1185332510.8,25459,474416,23.87,2.70477815699659,Positive,611.382,639.934,582.831
DHFL,EQ,601.85,606.4,611.3,596.9,600.05,601.05,604.87,1938034,1172251764.9,31980,571468,29.49,-0.13292348591843473,Slight or No change,608.704,632.994,584.413
DHFL,EQ,601.05,605.7,605.75,598.1,599.7,600.1,601.71,1125093,676977692.95,16064,251695,22.37,-0.15805673404873932,Slight or No change,607.186,630.716,583.656
DHFL,EQ,600.1,596.95,599.0,577.75,583.8,582.05,589.26,1383812,815426275.3,19569,469030,33.89,-3.0078320279953497,Among top losers,604.446,630.176,578.717
DHFL,EQ,582.05,584.0,591.5,572.5,577.0,576.25,581.82,2226432,1295390499.0,23305,749432,33.66,-0.996477965810494,Slight negative,601.418,629.791,573.044
DHFL,EQ,576.25,583.8,591.45,575.0,588.6,586.95,581.63,2576116,1498354249.85,26602,1058023,41.07,1.8568329718004373,Positive,599.2,626.834,571.566
DHFL,EQ,586.95,596.95,598.0,590.0,591.4,591.75,593.91,2067415,1227855713.8,24709,680751,32.93,0.8177868642984754,Slight positive,597.471,623.578,571.365
DHFL,EQ,591.75,584.0,609.15,570.25,603.2,602.4,598.63,2387638,1429312365.8,25673,498972,20.9,1.7997465145754177,Positive,596.457,620.374,572.541
DHFL,EQ,602.4,606.25,613.0,603.0,613.0,609.7,607.35,1272010,772559805.0,24748,402172,31.62,1.2118193891102358,Positive,595.85,617.734,573.966
DHFL,EQ,609.7,613.0,624.5,603.75,607.0,607.0,616.41,3299440,2033809879.95,38428,727389,22.05,-0.4428407413482161,Slight or No change,595.168,614.746,575.589
DHFL,EQ,607.0,609.7,610.0,598.7,599.5,600.5,603.82,1788142,1079722345.3,19666,469866,26.28,-1.0708401976935789,Negative,595.207,614.829,575.585
DHFL,EQ,600.5,602.0,602.95,588.25,591.9,593.4,594.26,1767805,1050532976.1,22501,526039,29.76,-1.1823480432972544,Negative,595.404,614.883,575.924
DHFL,EQ,593.4,593.6,601.2,587.5,596.2,595.05,594.53,1717461,1021079350.3,21791,424300,24.71,0.2780586450960465,Slight or No change,595.289,614.756,575.822
DHFL,EQ,595.05,598.0,604.45,590.5,591.8,592.9,598.33,1864918,1115833875.9,22053,427036,22.9,-0.36131417527938137,Slight or No change,595.782,614.574,576.99
DHFL,EQ,592.9,595.5,595.75,581.1,583.6,585.7,588.7,3036415,1787551070.85,22562,1238926,40.8,-1.2143700455388706,Negative,594.629,613.795,575.462
DHFL,EQ,585.7,588.8,591.0,581.0,582.4,582.7,584.79,1915618,1120239601.35,24846,764069,39.89,-0.5122076148198706,Slight negative,593.318,613.093,573.543
DHFL,EQ,582.7,582.0,600.75,581.8,591.1,590.85,594.74,2377449,1413962338.15,29833,671751,28.26,1.3986614038098422,Positive,592.657,612.071,573.244
DHFL,EQ,590.85,594.9,595.0,576.35,583.15,583.4,584.92,1306256,764057586.85,17678,340535,26.07,-1.2608953203012696,Negative,592.754,611.952,573.555
DHFL,EQ,583.4,586.0,591.85,585.0,589.0,587.65,588.29,921001,541812853.25,14015,269017,29.21,0.7284881727802617,Slight positive,593.568,610.596,576.54
DHFL,EQ,587.65,590.3,590.9,584.0,588.85,588.55,586.73,1597148,937102360.0,16103,726283,45.47,0.15315238662467756,Slight or No change,593.682,610.539,576.825
DHFL,EQ,588.55,590.0,614.4,590.0,609.0,611.5,605.49,3966512,2401679809.95,52160,1258764,31.73,3.8994138136097205,Among top gainers,595.093,614.383,575.802
DHFL,EQ,611.5,615.45,624.8,606.1,624.0,620.95,615.21,3800324,2338002470.8,39585,1480686,38.96,1.5453802125919849,Positive,596.418,619.952,572.884
DHFL,EQ,620.95,625.0,629.4,618.4,624.6,624.7,625.18,2948812,1843539157.3,37334,635817,21.56,0.6039133585634904,Slight positive,597.489,624.706,570.273
DHFL,EQ,624.7,626.0,626.0,612.7,614.8,615.85,617.77,1437240,887881127.25,21503,360796,25.1,-1.4166800064030816,Negative,598.121,626.668,569.575
DHFL,EQ,615.85,615.0,623.65,613.5,617.15,617.1,619.14,863770,534794794.05,13639,160203,18.55,0.20297150280099707,Slight or No change,599.307,629.605,569.01
DHFL,EQ,617.1,621.5,622.95,604.45,615.0,614.15,616.08,2127221,1310540502.6,21973,237604,11.17,-0.4780424566520946,Slight or No change,600.789,631.862,569.716
DHFL,EQ,614.15,620.0,622.0,615.4,616.9,616.9,618.92,1024941,634351367.5,13209,428663,41.82,0.4477733452739496,Slight or No change,602.35,634.362,570.338
DHFL,EQ,616.9,619.9,619.9,597.6,603.0,602.05,607.29,1417024,860544360.95,19906,516767,36.47,-2.4071972767061194,Negative,603.004,634.555,571.452
DHFL,EQ,602.05,597.1,610.6,589.25,606.85,608.95,602.8,1950076,1175504989.2,22921,595763,30.55,1.1460842122747341,Positive,604.664,634.703,574.625
DHFL,EQ,608.95,610.95,613.0,584.0,586.45,590.15,599.02,1221764,731864821.15,18468,366016,29.96,-3.087281385992291,Among top losers,605.196,633.789,576.604
DHFL,EQ,590.15,590.15,615.15,582.65,615.0,612.5,603.25,3241773,1955593423.95,44501,900444,27.78,3.787172752690005,Among top gainers,606.743,634.316,579.169
DHFL,EQ,612.5,615.0,638.0,614.0,628.8,631.05,627.88,6239147,3917431352.5,79787,1812319,29.05,3.028571428571425,Among top gainers,610.146,637.063,583.229
DHFL,EQ,631.05,635.0,636.75,604.95,606.0,613.85,618.75,4227361,2615681272.15,58647,2024664,47.89,-2.725616036764112,Negative,612.018,635.639,588.397
DHFL,EQ,613.85,607.75,607.75,565.55,566.5,578.85,586.18,9025149,5290362022.8,84189,4269640,47.31,-5.7017186609106485,Among top losers,611.325,638.249,584.401
DHFL,EQ,578.85,575.0,604.0,571.25,594.4,595.8,593.29,6974220,4137707652.8,86802,2050013,29.39,2.9282197460481774,Positive,610.204,638.375,582.032
DHFL,EQ,595.8,599.8,608.65,592.65,595.8,596.25,600.98,4309832,2590122744.5,43975,1179711,27.37,0.07552870090634656,Slight or No change,608.439,636.805,580.074
DHFL,EQ,596.25,596.9,601.0,584.3,589.8,588.45,591.98,2043362,1209630852.3,34716,529510,25.91,-1.3081761006289216,Negative,605.85,634.439,577.261
DHFL,EQ,588.45,586.0,594.0,578.1,582.1,582.2,584.56,2034304,1189171786.6,45951,676038,33.23,-1.06211232899992,Negative,603.446,634.004,572.889
DHFL,EQ,582.2,586.5,595.75,564.3,569.9,568.35,580.87,3576004,2077195504.15,53019,671416,18.78,-2.3789075918928204,Negative,599.964,634.651,565.278
DHFL,EQ,568.35,563.7,563.7,512.0,512.5,519.45,535.45,7725497,4136626602.7,74471,2269820,29.38,-8.603853259435201,Bear drop,593.2,647.411,538.989
DHFL,EQ,519.45,505.0,524.5,482.0,510.3,509.8,509.32,7154780,3644091110.65,58531,1755483,24.54,-1.85773414188084,Negative,585.55,653.77,517.33
DHFL,EQ,509.8,482.0,510.6,468.8,503.6,505.55,492.9,9299530,4583730044.45,71340,1486595,15.99,-0.833660258925073,Slight negative,578.657,658.249,499.066
DHFL,EQ,505.55,519.0,519.5,495.95,497.15,500.2,508.67,3429708,1744590418.6,54615,1276530,37.22,-1.0582533873998656,Negative,570.889,658.562,483.216
DHFL,EQ,500.2,504.9,517.9,500.0,513.85,513.4,511.25,4580018,2341551809.45,62501,1835914,40.09,2.638944422231116,Positive,565.407,657.385,473.43
DHFL,EQ,513.4,501.0,520.5,494.5,513.5,514.45,511.49,3078295,1574511613.6,38541,630655,20.49,0.2045188936501852,Slight or No change,558.404,649.865,466.942
DHFL,EQ,514.45,517.0,532.6,517.0,528.0,525.75,527.2,3086170,1627036258.4,35807,1068359,34.62,2.1965205559335117,Positive,550.882,633.5,468.264
DHFL,EQ,525.75,532.0,565.0,530.0,552.9,552.0,554.97,11634668,6456881629.75,90638,1774527,15.25,4.992867332382311,Among top gainers,546.464,620.775,472.154
DHFL,EQ,552.0,556.0,572.0,548.15,557.0,553.05,561.98,4142964,2328245363.85,44584,395175,9.54,0.190217391304337,Slight or No change,544.621,616.719,472.524
DHFL,EQ,553.05,558.9,564.5,534.5,541.3,541.3,545.05,3580363,1951463852.7,39638,728988,20.36,-2.1245818642075758,Negative,540.729,606.533,474.924
DHFL,EQ,541.3,541.7,549.35,532.15,548.0,547.3,539.15,2677332,1443488419.9,41704,652806,24.38,1.1084426380934875,Positive,537.232,595.045,479.419
DHFL,EQ,547.3,548.0,555.6,540.0,543.6,545.1,546.96,2260570,1236431306.15,27508,332627,14.71,-0.40197332358851146,Slight or No change,534.136,584.265,484.007
DHFL,EQ,545.1,548.0,560.0,540.1,558.0,557.35,550.1,2934005,1613994731.5,28093,876858,29.89,2.2472940744817427,Positive,532.361,576.569,488.153
DHFL,EQ,557.35,553.1,562.0,547.4,549.0,551.05,555.71,2881036,1601021271.9,31529,1045253,36.28,-1.130348972817807,Negative,531.125,571.828,490.422
DHFL,EQ,551.05,553.0,580.4,551.6,575.0,576.3,570.0,6188969,3527716216.9,49031,1829929,29.57,4.582161328373101,Among top gainers,535.186,581.787,488.585
DHFL,EQ,576.3,581.45,589.7,572.5,581.3,582.4,580.24,4182370,2426768499.4,37812,732245,17.51,1.0584764879403077,Positive,540.371,590.804,489.939
DHFL,EQ,582.4,586.95,589.95,560.6,563.95,563.4,571.28,2982273,1703703026.3,31814,594975,19.95,-3.262362637362637,Among top losers,544.504,592.043,496.964
DHFL,EQ,563.4,558.0,562.5,544.05,544.8,546.2,550.73,4716559,2597544663.65,49955,1099562,23.31,-3.0528931487397766,Among top losers,547.789,587.919,507.659
DHFL,EQ,546.2,544.9,553.05,533.3,535.95,537.6,542.72,2670884,1449546078.55,30662,816772,30.58,-1.5745148297326983,Negative,549.518,585.093,513.942
DHFL,EQ,537.6,531.6,539.5,523.7,533.1,532.1,530.96,3686934,1957617646.4,33237,696647,18.9,-1.0230654761904767,Negative,550.779,581.983,519.574
DHFL,EQ,532.1,538.0,545.8,497.1,504.95,508.4,528.3,5429872,2868589952.3,55474,1162140,21.4,-4.4540499906032816,Among top losers,549.539,585.967,513.112
DHFL,EQ,508.4,505.6,517.4,495.0,496.05,497.75,505.14,5573299,2815296075.25,70514,1882556,33.78,-2.094807238394958,Negative,545.664,591.334,499.995
DHFL,EQ,497.75,503.85,511.15,480.45,489.0,494.45,495.68,8329656,4128873740.7,73687,1011179,12.14,-0.6629834254143652,Slight negative,541.479,594.398,488.559
DHFL,EQ,494.45,496.7,512.0,490.05,493.0,496.25,501.0,4104359,2056275276.0,50276,411287,10.02,0.3640408534735684,Slight or No change,538.261,596.444,480.077
DHFL,EQ,496.25,502.85,521.2,497.6,515.2,513.9,508.46,5945277,3022963684.3,47870,1345394,22.63,3.556675062972281,Among top gainers,535.875,595.19,476.56
DHFL,EQ,513.9,514.0,525.6,510.6,514.5,516.15,518.04,5171004,2678770924.05,39262,1390030,26.88,0.4378283712784592,Slight or No change,533.807,593.752,473.863
DHFL,EQ,516.15,513.7,527.2,512.55,521.0,521.7,521.53,3003145,1566226682.2,37113,746406,24.85,1.0752688172043223,Positive,531.261,589.912,472.61
DHFL,EQ,521.7,520.0,524.9,513.0,515.0,515.45,519.46,1972293,1024529148.8,30237,680002,34.48,-1.1980065171554477,Negative,528.718,586.757,470.679
DHFL,EQ,515.45,515.0,522.0,507.05,512.0,510.35,515.12,2531783,1304183354.65,40505,1073960,42.42,-0.9894267145212908,Slight negative,524.007,575.777,472.237
DHFL,EQ,510.35,512.45,514.4,495.1,498.0,496.9,500.71,2505264,1254402004.5,24276,878446,35.06,-2.6354462623689683,Negative,517.9,559.087,476.713
DHFL,EQ,496.9,495.0,510.75,492.8,508.0,503.4,505.23,3921257,1981148264.55,37883,845174,21.55,1.3081102837593006,Positive,513.614,545.94,481.288
DHFL,EQ,503.4,508.2,528.9,508.0,520.5,520.2,521.04,7168658,3735173762.2,56482,1425534,19.89,3.33730631704412,Among top gainers,511.757,538.529,484.985
DHFL,EQ,520.2,523.45,533.0,516.25,517.0,517.7,524.44,5897227,3092717189.15,52600,1295023,21.96,-0.4805843906189877,Slight or No change,510.336,532.994,487.677
DHFL,EQ,517.7,504.5,506.9,491.0,491.9,495.15,498.4,7789701,3882352889.45,58585,1550858,19.91,-4.35580451999229,Among top losers,507.696,527.91,487.482
DHFL,EQ,495.15,493.0,505.0,491.2,502.0,502.5,497.63,4374713,2177004078.0,33339,2038095,46.59,1.4843986670705966,Positive,507.275,527.671,486.879
DHFL,EQ,502.5,508.1,524.0,507.15,521.75,521.75,518.31,3509408,1818973222.0,36966,1135028,32.34,3.830845771144276,Among top gainers,508.989,529.963,488.016
DHFL,EQ,521.75,517.2,524.0,507.0,513.35,510.15,516.84,4692853,2425460022.3,36186,1358823,28.96,-2.2232870148538586,Negative,510.111,529.342,490.879
DHFL,EQ,510.15,515.1,526.1,512.25,523.6,523.05,518.83,2167081,1124344818.05,24054,518195,23.91,2.5286680388121097,Positive,512.025,530.638,493.412
DHFL,EQ,523.05,521.1,535.5,520.0,532.75,533.6,531.27,3507679,1863507272.75,30899,857590,24.45,2.017015581684367,Positive,513.432,535.343,491.522
DHFL,EQ,533.6,535.45,543.3,518.2,519.0,521.35,530.0,4959051,2628288331.95,56634,1369980,27.63,-2.29572713643178,Negative,513.804,536.086,491.521
DHFL,EQ,521.35,529.0,544.3,529.0,540.65,540.3,538.07,5282826,2842537923.05,44628,1737297,32.89,3.6347942840701855,Among top gainers,515.132,541.319,488.946
DHFL,EQ,540.3,539.8,545.95,533.4,538.8,539.35,539.68,2768336,1494024861.85,25331,272799,9.85,-0.17582824356837667,Slight or No change,516.839,546.056,487.623
DHFL,EQ,539.35,534.0,549.2,526.65,531.85,530.55,537.61,3754461,2018445423.9,39760,956848,25.49,-1.6315935848706942,Negative,518.282,548.107,488.457
DHFL,EQ,530.55,526.25,543.8,526.25,536.5,535.4,536.76,3506857,1882324451.45,42771,590669,16.84,0.9141456978607244,Slight positive,521.032,549.43,492.634
DHFL,EQ,535.4,539.0,539.45,526.9,530.6,531.0,531.59,2225173,1182879028.5,29582,622336,27.97,-0.8218154650728393,Slight negative,523.004,549.922,496.085
DHFL,EQ,531.0,530.5,539.0,526.0,527.9,527.4,531.85,5227649,2780334259.5,37880,1740563,33.3,-0.6779661016949157,Slight negative,523.518,550.481,496.555
DHFL,EQ,527.4,530.7,549.4,528.0,545.55,547.55,541.95,8961743,4856845585.1,93843,3193927,35.64,3.8206295032233495,Among top gainers,525.65,555.225,496.075
DHFL,EQ,547.55,546.1,575.8,542.1,570.75,573.2,563.89,11510627,6490725009.7,93177,2386840,20.74,4.684503698292408,Among top gainers,531.225,565.141,497.309
DHFL,EQ,573.2,576.6,593.85,571.35,587.6,589.55,584.67,10918417,6383669690.05,69853,1287318,11.79,2.8524075366364032,Positive,537.443,579.592,495.294
DHFL,EQ,589.55,592.15,603.8,590.6,591.45,593.15,597.83,8249266,4931636487.85,71726,1566786,18.99,0.6106352302603701,Slight positive,542.543,592.977,492.109
DHFL,EQ,593.15,595.9,598.4,590.0,590.3,591.1,592.22,2697203,1597332469.4,24637,491843,18.24,-0.3456124083284107,Slight or No change,548.325,601.261,495.389
DHFL,EQ,591.1,589.95,594.45,575.0,584.5,585.3,583.85,6078123,3548717923.15,33682,1376178,22.64,-0.9812214515310558,Slight negative,552.771,607.004,498.539
DHFL,EQ,585.3,587.0,600.0,577.35,581.15,581.35,591.61,4953546,2930550428.1,32937,1100285,22.21,-0.6748675892704448,Slight negative,556.182,611.221,501.144
DHFL,EQ,581.35,584.0,595.0,577.0,584.3,584.15,586.47,4367590,2561456326.8,36551,1298907,29.74,0.4816375677302753,Slight or No change,560.668,613.676,507.659
DHFL,EQ,584.15,585.3,618.2,584.45,610.0,609.15,607.92,10481596,6371965357.65,86555,1689932,16.12,4.2797226739707215,Among top gainers,565.586,623.043,508.129
DHFL,EQ,609.15,613.8,634.9,613.5,621.4,621.45,625.13,15995644,9999338276.7,80541,3640090,22.76,2.0192070918493066,Positive,571.45,633.913,508.987
DHFL,EQ,621.45,623.5,641.0,623.5,635.0,634.5,633.99,6312696,4002185229.3,47688,2112087,33.46,2.099927588703832,Positive,578.875,645.001,512.749
DHFL,EQ,634.5,639.3,658.65,637.4,641.0,641.0,646.28,10900320,7044662647.15,96946,1629764,14.95,1.0244286840031425,Positive,586.418,655.218,517.617
DHFL,EQ,641.0,646.9,680.55,624.4,647.0,648.45,651.5,11956696,7789824951.35,114018,1590150,13.3,1.1622464898596083,Positive,594.807,663.14,526.474
DHFL,EQ,648.45,645.4,653.0,625.0,631.15,631.5,636.31,7000904,4454728648.2,65145,1103347,15.76,-2.613925514688875,Negative,602.243,660.957,543.528
DHFL,EQ,631.5,638.0,639.0,626.15,626.7,627.65,632.14,3949566,2496688477.9,35294,542248,13.73,-0.6096595407759309,Slight negative,607.964,658.803,557.125
DHFL,EQ,627.65,631.8,634.85,621.65,627.4,627.5,627.76,2770835,1739409279.75,22883,529580,19.11,-0.023898669640720627,Slight or No change,611.843,659.439,564.247
DHFL,EQ,627.5,633.55,634.0,621.1,623.4,622.95,626.92,3123695,1958318781.3,29068,1197934,38.35,-0.7250996015936151,Slight negative,614.229,660.336,568.121
DHFL,EQ,622.95,623.1,631.8,621.0,626.8,625.15,626.2,2376471,1488148882.1,22256,887150,37.33,0.3531583594188925,Slight or No change,616.514,661.273,571.755
DHFL,EQ,625.15,627.8,634.95,620.35,621.65,623.85,626.69,4069389,2550245685.4,26376,658833,16.19,-0.20795009197791536,Slight or No change,618.854,661.252,576.455
DHFL,EQ,623.85,625.55,634.0,625.0,625.2,625.6,626.2,2613025,1636285802.05,14917,1026791,39.3,0.2805161497154707,Slight or No change,621.732,659.541,583.923
DHFL,EQ,625.6,627.4,631.0,625.0,625.2,625.2,626.05,2334780,1461691594.5,13627,695469,29.79,-0.06393861892582953,Slight or No change,624.864,654.684,595.045
DHFL,EQ,625.2,624.95,632.7,621.0,621.95,621.6,626.16,3835595,2401709677.1,31061,1223911,31.91,-0.5758157389635365,Slight negative,627.539,646.291,608.788
DHFL,EQ,621.6,620.0,623.8,615.0,615.45,615.75,617.56,4265980,2634482183.55,20202,1091990,25.6,-0.9411196911196962,Slight negative,628.011,645.022,611.0
DHFL,EQ,615.75,615.0,623.0,614.0,621.3,617.5,618.34,3695266,2284925549.45,19636,1147386,31.05,0.2842062525375555,Slight or No change,627.729,645.329,610.128
DHFL,EQ,617.5,624.9,629.0,611.0,613.7,614.0,616.58,3586816,2211551203.55,17471,1218673,33.98,-0.5668016194331993,Slight negative,626.264,644.823,607.706
DHFL,EQ,614.0,619.8,626.4,592.1,614.0,614.6,612.83,6661955,4082652089.6,30654,1115617,16.75,0.09771986970683601,Slight or No change,624.379,641.819,606.939
DHFL,EQ,614.6,618.0,620.4,600.65,608.0,607.65,611.65,4866508,2976602019.35,22487,1073246,22.05,-1.1308167914090506,Negative,621.464,634.708,608.221
DHFL,EQ,607.65,605.85,608.45,600.0,600.9,601.15,602.77,4118609,2482569570.85,19951,1279432,31.06,-1.0696947255821598,Negative,619.296,635.143,603.449
DHFL,EQ,601.15,606.25,608.5,600.0,600.5,601.0,601.38,2921608,1756994903.2,12825,1239587,42.43,-0.024952174997916462,Slight or No change,617.393,635.199,599.587
DHFL,EQ,601.0,601.95,623.7,601.05,617.85,615.05,610.91,6039843,3689800863.25,27823,1150923,19.06,2.3377703826954916,Positive,616.504,633.353,599.654
DHFL,EQ,615.05,618.3,639.35,618.3,628.6,630.0,631.64,3421727,2161285718.3,32303,710736,20.77,2.4306966913259176,Positive,617.007,635.065,598.95
DHFL,EQ,630.0,627.8,633.5,620.0,621.8,624.3,625.53,1994161,1247404257.3,24855,601096,30.14,-0.9047619047619082,Slight negative,616.946,634.891,599.002
DHFL,EQ,624.3,613.7,631.5,611.45,625.0,623.55,625.41,2880407,1801436091.9,31492,612432,21.26,-0.12013455069678215,Slight or No change,616.925,634.835,599.015
DHFL,EQ,623.55,628.8,641.95,610.0,610.2,613.15,625.04,9113410,5696249039.55,67662,2503848,27.47,-1.6678694571405583,Negative,616.036,633.315,598.756
DHFL,EQ,613.15,613.0,623.1,606.25,608.9,609.9,614.31,5268183,3236277205.6,32893,1086367,20.62,-0.5300497431297346,Slight negative,614.943,631.652,598.234
DHFL,EQ,609.9,614.7,616.35,597.9,600.5,601.6,606.32,4346387,2635321882.2,34715,1186953,27.31,-1.3608788325955024,Negative,613.514,631.165,595.864
DHFL,EQ,601.6,600.0,612.8,581.15,603.0,604.4,598.24,9074085,5428510134.05,72740,3274331,36.08,0.46542553191488706,Slight or No change,612.704,630.944,594.463
DHFL,EQ,604.4,601.0,612.5,600.0,605.0,604.85,605.25,4099152,2481002647.75,43374,918325,22.4,0.07445400397088077,Slight or No change,611.8,630.269,593.331
DHFL,EQ,604.85,609.5,622.5,605.0,617.0,616.85,612.68,5309151,3252825743.1,44242,1335617,25.16,1.9839629660246327,Positive,612.004,630.639,593.368
DHFL,EQ,616.85,616.2,627.95,612.25,620.5,623.2,619.26,3558918,2203881475.95,45993,1078930,30.32,1.0294236848504612,Positive,612.618,632.167,593.069
DHFL,EQ,623.2,622.0,628.0,615.05,615.6,619.3,623.57,3063942,1910572136.95,32386,1194395,38.98,-0.6258023106546995,Slight negative,613.45,633.08,593.82
DHFL,EQ,619.3,619.0,627.0,616.15,621.0,621.75,622.75,3073588,1914091471.45,30622,738553,24.03,0.3956079444534133,Slight or No change,614.921,633.647,596.196
DHFL,EQ,621.75,624.0,646.0,622.0,629.0,629.4,631.56,7874764,4973406776.75,68640,1479786,18.79,1.2303980699638115,Positive,616.95,635.329,598.571
DHFL,EQ,629.4,624.0,640.0,622.0,626.0,625.55,629.42,3916121,2464897764.95,39683,864683,22.08,-0.611693676517322,Slight negative,617.7,636.595,598.805
DHFL,EQ,625.55,627.8,634.0,613.15,624.75,625.55,626.11,6039136,3781133875.9,36342,1390401,23.02,0.0,Slight or No change,617.382,635.52,599.244
DHFL,EQ,625.55,625.0,632.0,618.0,621.0,621.5,623.24,2199744,1370977468.65,18017,514631,23.4,-0.6474302613699856,Slight negative,617.182,635.051,599.313
DHFL,EQ,621.5,618.0,621.5,612.0,612.9,613.95,614.91,2862223,1760001030.0,23231,1060887,37.07,-1.214802896218814,Negative,616.496,634.047,598.946
DHFL,EQ,613.95,615.5,634.7,613.0,629.5,628.85,623.72,5285342,3296561688.55,42913,554641,10.49,2.4269077286424023,Positive,617.618,636.222,599.014
DHFL,EQ,628.85,634.7,642.4,624.45,631.7,632.15,633.21,6295511,3986380018.9,57851,1390693,22.09,0.5247674326150921,Slight positive,619.207,638.749,599.665
DHFL,EQ,632.15,634.95,642.0,622.3,639.9,637.75,632.11,4875780,3082016145.9,45615,908385,18.63,0.8858656964328082,Slight positive,621.789,640.857,602.722
DHFL,EQ,637.75,640.8,649.6,630.0,632.6,634.8,639.46,3116495,1992867979.65,30363,846428,27.16,-0.4625637005096106,Slight or No change,623.961,641.348,606.574
DHFL,EQ,634.8,633.95,647.6,631.25,644.9,643.65,639.87,3472784,2222130578.75,31084,1052652,30.31,1.3941398865784604,Positive,626.732,643.349,610.115
DHFL,EQ,643.65,645.5,649.0,635.0,640.0,643.1,643.37,7341748,4723486542.55,49153,1819570,24.78,-0.0854501670162322,Slight or No change,628.607,646.309,610.905
DHFL,EQ,643.1,640.0,654.0,633.0,635.0,636.05,641.59,13795070,8850731296.15,79092,3366473,24.4,-1.096252526823216,Negative,629.525,647.351,611.699
DHFL,EQ,636.05,639.0,647.5,635.0,636.0,637.55,640.3,8468463,5422381835.85,45417,2449351,28.92,0.2358305164688268,Slight or No change,630.829,648.094,613.563
DHFL,EQ,637.55,643.0,643.25,617.55,618.85,620.1,623.62,12053104,7516551056.25,51998,4508749,37.41,-2.737040232138644,Negative,630.711,648.264,613.158
DHFL,EQ,620.1,615.0,626.0,610.0,624.6,624.55,618.92,5892885,3647220391.0,30394,1523010,25.84,0.7176261893242941,Slight positive,630.364,648.218,612.511
DHFL,EQ,624.55,627.0,630.75,621.0,622.95,623.15,625.19,3921122,2451451935.55,31394,1010945,25.78,-0.2241613962052691,Slight or No change,630.193,648.29,612.096
DHFL,EQ,623.15,624.5,630.0,620.0,625.0,624.55,625.21,4173858,2609556533.1,26105,1181242,28.3,0.2246650084249291,Slight or No change,630.121,648.305,611.938
DHFL,EQ,624.55,626.0,630.0,615.25,615.9,617.95,623.94,3698283,2307507097.7,18577,1945282,52.6,-1.056760867824824,Negative,629.868,648.658,611.078
DHFL,EQ,617.95,623.0,629.0,614.9,620.0,621.3,622.12,6793319,4226244562.9,31004,2889197,42.53,0.5421150578525546,Slight positive,630.393,647.612,613.173
DHFL,EQ,621.3,618.2,623.6,608.0,610.9,610.15,614.97,1905939,1172103454.4,21806,736866,38.66,-1.7946241751166883,Negative,629.057,649.408,608.706
DHFL,EQ,610.15,608.9,617.75,604.0,608.5,608.1,610.63,3993399,2438477204.1,26311,928281,23.25,-0.3359829550110605,Slight or No change,627.339,650.44,604.238
DHFL,EQ,608.1,613.45,619.0,608.5,615.0,616.2,614.68,2771093,1703330043.65,17351,661214,23.86,1.3320177602368144,Positive,625.8,648.784,602.816
DHFL,EQ,616.2,616.8,619.75,602.05,602.75,605.5,608.68,1832654,1115504979.85,17964,557222,30.41,-1.7364492048036473,Negative,623.707,648.431,598.983
DHFL,EQ,605.5,600.9,604.9,581.55,586.0,588.65,592.94,3622078,2147680969.7,20759,1237555,34.17,-2.7828241123038837,Negative,619.779,648.073,591.484
DHFL,EQ,588.65,583.5,618.5,582.0,612.0,614.9,602.7,2737940,1650146223.05,32005,510396,18.64,4.459356153911488,Among top gainers,617.764,642.726,592.803
DHFL,EQ,614.9,618.1,624.0,602.0,619.15,619.45,616.14,5980928,3685062503.25,41805,1166859,19.51,0.7399577167019222,Slight positive,616.579,639.273,593.885
DHFL,EQ,619.45,622.5,625.0,609.0,618.6,618.6,616.47,3215968,1982534948.5,23014,658256,20.47,-0.13721850028250993,Slight or No change,615.225,634.54,595.91
DHFL,EQ,618.6,619.0,622.0,612.1,613.25,615.55,616.76,1781518,1098773994.75,11829,361380,20.28,-0.4930488199159533,Slight or No change,614.9,634.013,595.787
DHFL,EQ,615.55,615.0,622.25,608.35,610.9,610.15,614.47,6045780,3714946143.3,28739,2387145,39.48,-0.8772642352367743,Slight negative,613.871,632.285,595.458
DHFL,EQ,610.15,613.35,625.0,606.0,614.8,615.15,617.39,4896974,3023353568.6,29567,1164030,23.77,0.8194706219782022,Slight positive,613.3,630.954,595.646
DHFL,EQ,615.15,616.0,621.4,610.95,611.85,612.65,615.34,5605371,3449183884.85,23474,876869,15.64,-0.4064049418840976,Slight or No change,612.45,628.874,596.026
DHFL,EQ,612.65,613.9,635.0,613.0,624.0,623.15,625.83,7889824,4937653607.7,60866,1884961,23.89,1.7138659920019617,Positive,612.821,629.999,595.644
DHFL,EQ,623.15,626.7,630.8,611.55,618.4,615.6,621.4,2925962,1818191492.35,20139,640423,21.89,-1.2115862954344747,Negative,612.414,628.986,595.843
DHFL,EQ,615.6,616.7,620.8,611.0,616.0,614.85,614.59,2716980,1669815366.25,14850,581216,21.39,-0.1218323586744674,Slight or No change,612.75,629.314,596.186
DHFL,EQ,614.85,617.7,617.8,599.05,601.5,600.5,605.56,3122225,1890685657.1,24587,765650,24.52,-2.3339025778645217,Negative,612.207,629.888,594.526
DHFL,EQ,600.5,601.65,603.95,589.15,589.85,590.9,593.18,7139231,4234851871.35,55612,2371259,33.21,-1.5986677768526247,Negative,610.4,631.217,589.583
DHFL,EQ,590.9,591.1,620.15,588.0,601.0,602.35,602.54,7603935,4581661381.6,61625,864006,11.36,1.9377221188018323,Positive,610.175,631.286,589.064
DHFL,EQ,602.35,606.0,629.2,602.85,624.9,625.7,618.37,7123070,4404721972.3,41909,1359741,19.09,3.8764837718934237,Among top gainers,612.821,631.452,594.191
DHFL,EQ,625.7,631.45,636.0,620.05,621.8,622.35,628.62,5457481,3430659191.15,44665,1565752,28.69,-0.5354003516062078,Slight negative,613.354,632.653,594.054
DHFL,EQ,622.35,623.0,626.0,610.25,613.8,612.45,616.39,2547189,1570060407.95,20111,937348,36.8,-1.590744757772955,Negative,612.854,631.833,593.874
DHFL,EQ,612.45,614.7,619.95,608.6,610.75,610.5,613.27,3081522,1889805991.5,21115,832445,27.01,-0.3183933382317039,Slight or No change,612.275,630.992,593.558
DHFL,EQ,610.5,613.35,623.65,612.0,616.1,616.0,617.99,2203006,1361431819.2,24881,885564,40.2,0.9009009009008916,Slight positive,612.307,631.05,593.564
DHFL,EQ,616.0,619.0,620.75,609.0,612.7,611.35,613.71,1795541,1101945719.5,15099,746257,41.56,-0.7548701298701221,Slight negative,612.393,631.104,593.682
DHFL,EQ,611.35,609.5,624.85,607.3,621.5,622.25,618.82,3381330,2092436063.35,40936,1101776,32.58,1.7829393964177598,Positive,612.9,632.305,593.495
DHFL,EQ,622.25,629.9,665.5,625.2,657.25,658.2,644.8,10109229,6518407559.15,109246,1610285,15.93,5.777420650863818,Among top gainers,616.154,647.175,585.132
DHFL,EQ,658.2,656.8,663.7,644.0,649.35,648.35,653.25,3017390,1971120921.0,31590,637258,21.12,-1.4965056213916752,Negative,617.954,653.341,582.566
DHFL,EQ,648.35,652.4,673.6,649.5,670.3,670.35,665.35,4385256,2917708656.35,51860,793509,18.09,3.3932289658363586,Among top gainers,621.864,666.914,576.815
DHFL,EQ,670.35,674.85,684.9,668.35,673.0,671.95,677.34,5144479,3484559195.15,50864,956407,18.59,0.2386812858954368,Slight or No change,625.943,678.044,573.842
DHFL,EQ,671.95,676.8,681.75,659.05,667.25,665.85,667.72,5754601,3842452708.55,34569,2138478,37.16,-0.9078056403006184,Slight negative,630.611,684.569,576.652
DHFL,EQ,665.85,668.0,668.0,651.15,658.5,659.4,657.56,2423862,1593823133.1,19848,787191,32.48,-0.9686866411353968,Slight negative,635.504,686.279,584.728
DHFL,EQ,659.4,655.05,666.6,652.1,656.5,658.0,658.95,1999178,1317356255.15,19631,678897,33.96,-0.2123142250530785,Slight or No change,639.479,687.724,591.233
DHFL,EQ,658.0,658.0,663.55,654.5,655.3,656.65,659.06,1725486,1137196933.65,13616,655431,37.99,-0.20516717325228528,Slight or No change,641.689,690.051,593.327
DHFL,EQ,656.65,656.7,674.5,653.0,665.55,666.8,666.15,2664161,1774721907.45,34531,459416,17.24,1.5457245107743711,Positive,644.864,693.592,596.136
DHFL,EQ,666.8,668.0,672.65,662.4,667.0,666.45,667.05,2925940,1951758181.45,17929,930153,31.79,-0.052489502099561935,Slight or No change,648.721,694.878,602.565
DHFL,EQ,666.45,668.0,674.2,657.4,663.4,665.35,665.48,4235763,2818817793.8,25339,1143637,27.0,-0.16505364243379894,Slight or No change,652.639,693.869,611.41
DHFL,EQ,665.35,664.0,676.9,662.0,666.65,667.65,668.77,4049806,2708389294.9,29591,1877740,46.37,0.3456827233786708,Slight or No change,656.329,692.349,620.308
DHFL,EQ,667.65,669.75,691.5,660.3,678.1,679.25,677.86,6716170,4552652665.05,50011,1433381,21.34,1.7374372800119886,Positive,661.179,688.296,634.061
DHFL,EQ,679.25,681.0,682.0,647.0,651.0,651.75,660.73,3459672,2285916953.85,36159,820439,23.71,-4.0485829959514215,Among top losers,663.286,679.937,646.634
DHFL,EQ,651.75,647.0,652.35,639.55,649.9,646.5,645.1,3815603,2461431385.35,27274,749409,19.64,-0.8055235903337121,Slight negative,662.45,681.239,643.661
DHFL,EQ,646.5,652.0,654.0,640.0,646.8,648.6,645.75,3095095,1998647897.75,38262,1095886,35.41,0.3248259860788805,Slight or No change,662.468,681.199,643.737
DHFL,EQ,648.6,647.9,657.7,643.1,648.95,647.75,649.25,1812045,1176468836.65,17042,456871,25.21,-0.13105149552883333,Slight or No change,660.854,680.53,641.177
DHFL,EQ,647.75,646.9,651.75,628.1,631.95,632.3,632.76,4646372,2940051530.5,23697,2131449,45.87,-2.3851794673871107,Negative,658.021,681.804,634.239
DHFL,EQ,632.3,633.95,633.95,610.0,610.2,611.7,620.37,4093167,2539290264.15,27513,1555598,38.0,-3.257947176972942,Among top losers,654.154,687.954,620.353
DHFL,EQ,611.7,610.95,618.0,607.05,610.25,610.15,611.63,7340775,4489839214.35,62687,1899583,25.88,-0.2533921857119648,Slight or No change,650.636,691.581,609.691
DHFL,EQ,610.15,615.0,624.5,613.0,614.55,614.2,617.47,5318535,3284023122.55,50983,2092548,39.34,0.6637712038023658,Slight positive,647.507,692.52,602.494
DHFL,EQ,614.2,612.0,616.9,607.45,610.2,610.2,611.08,4951135,3025533268.4,40864,1394620,28.17,-0.651253663301854,Slight negative,644.189,692.987,595.391
DHFL,EQ,610.2,611.0,619.4,608.35,610.3,610.55,612.12,4788983,2931452586.65,23871,792003,16.54,0.05735824319894611,Slight or No change,640.171,690.197,590.146
DHFL,EQ,610.55,612.4,615.95,610.0,610.0,610.55,610.66,5463048,3336079943.45,24840,1968294,36.03,0.0,Slight or No change,636.179,686.093,586.265
DHFL,EQ,610.55,615.15,615.15,274.75,337.0,350.55,380.61,115298628,43884228305.85,1434604,21096233,18.3,-42.584554909507816,Bear drop,613.693,772.294,455.092
DHFL,EQ,350.55,385.6,438.15,371.65,392.15,393.9,401.51,79286487,31834680999.7,929996,12820256,16.17,12.366281557552414,Bull run,594.139,787.726,400.553
DHFL,EQ,393.9,395.0,396.45,256.05,305.5,299.45,312.11,129310441,40358749644.55,1701742,19624924,15.18,-23.97816704747397,Bear drop,567.011,809.492,324.53
DHFL,EQ,299.45,311.0,320.0,277.0,303.4,305.45,303.78,69609470,21145712315.3,875226,10792485,15.5,2.003673401235595,Positive,542.275,816.141,268.409
DHFL,EQ,305.45,308.0,314.7,280.0,293.5,290.2,297.36,41546114,12354208291.2,413700,9266291,22.3,-4.992633818955638,Among top losers,516.825,814.182,219.468
DHFL,EQ,290.2,296.05,301.75,252.65,276.0,274.95,276.29,34815340,9618971531.4,468743,4903941,14.09,-5.254996554100622,Among top losers,490.136,803.203,177.069
DHFL,EQ,274.95,275.0,324.0,265.0,321.15,318.5,296.47,36573239,10842782415.55,389215,4794506,13.11,15.83924349881798,Bull run,466.618,778.144,155.091
DHFL,EQ,318.5,317.9,333.7,304.05,315.8,317.65,322.34,29658538,9560205521.1,339476,4533655,15.29,-0.2668759811617072,Slight or No change,444.143,749.519,138.767
DHFL,EQ,317.65,305.0,313.9,291.0,295.25,297.3,302.02,20356991,6148188192.15,221049,3220824,15.82,-6.406422162757742,Among top losers,421.686,720.146,123.226
DHFL,EQ,297.3,292.0,305.8,265.0,268.25,275.15,290.07,15228207,4417277156.2,167664,3612397,23.72,-7.450386814665332,Bear drop,397.757,684.619,110.895
DHFL,EQ,275.15,274.0,274.0,206.4,219.05,223.1,238.45,54962924,13105898733.7,636018,8219753,14.96,-18.91695438851535,Bear drop,369.821,641.667,97.976
DHFL,EQ,223.1,214.6,257.45,193.4,246.0,245.05,228.56,55650755,12719459625.4,682659,5613559,10.09,9.838637382339764,Bull run,343.739,584.531,102.948
DHFL,EQ,245.05,256.0,292.7,250.0,286.3,284.5,277.52,51547574,14305714317.3,593960,6915330,13.42,16.098755356049786,Bull run,320.45,507.051,133.849
DHFL,EQ,284.5,256.05,299.9,242.0,289.95,289.65,280.75,48305144,13561657306.8,528446,6627982,13.72,1.8101933216168709,Positive,297.529,380.918,214.14
DHFL,EQ,289.65,302.05,312.0,290.0,290.05,292.25,299.83,19863839,5955821671.0,246541,2261724,11.39,0.8976350768168606,Slight positive,293.364,370.97,215.759
DHFL,EQ,292.25,292.0,295.3,270.1,281.9,281.6,279.26,22857830,6383246593.1,280923,1892017,8.28,-3.644140290846865,Among top losers,285.343,337.093,233.593
DHFL,EQ,281.6,285.0,289.8,266.45,267.3,268.8,276.64,23048046,6375976824.75,266926,4764140,20.67,-4.545454545454551,Among top losers,283.154,334.926,231.381
DHFL,EQ,268.8,272.0,274.3,234.2,235.6,235.9,245.72,41149209,10111175429.3,444380,6407667,15.57,-12.239583333333336,Bear drop,278.186,333.936,222.435
DHFL,EQ,235.9,228.0,243.75,205.0,210.1,210.55,216.75,53396086,11573833453.05,568303,9499736,17.79,-10.746078846969054,Bear drop,272.496,338.313,206.68
DHFL,EQ,210.55,200.0,216.2,185.6,187.0,188.4,198.38,52073420,10330363195.25,553243,9633496,18.5,-10.520066492519595,Bear drop,266.314,345.947,186.681
DHFL,EQ,188.4,182.9,207.0,178.65,194.85,192.9,193.19,50834137,9820528336.05,481709,4147550,8.16,2.388535031847128,Positive,257.343,339.897,174.789
DHFL,EQ,192.9,199.0,204.95,185.05,190.0,190.3,193.07,34710424,6701676091.5,318635,2354615,6.78,-1.3478486262312073,Negative,248.246,330.238,166.255
DHFL,EQ,190.3,185.0,188.0,176.1,184.35,183.85,181.7,27268536,4954689268.5,265647,3059598,11.22,-3.3893851812927034,Among top losers,240.143,323.661,156.624
DHFL,EQ,183.85,180.0,195.3,177.0,184.15,184.1,186.6,28089176,5241324630.75,258364,3720813,13.25,0.13598041881968115,Slight or No change,233.639,319.56,147.718
DHFL,EQ,184.1,187.0,189.4,180.3,184.3,185.2,184.89,19037602,3519840025.2,175876,3166165,16.63,0.5975013579576194,Slight positive,230.932,320.591,141.274
DHFL,EQ,185.2,185.1,219.7,185.1,208.5,207.1,204.43,49394410,10097745294.3,456805,6305268,12.77,11.825053995680346,Bull run,228.221,318.335,138.108
DHFL,EQ,207.1,213.4,227.8,211.4,224.8,225.1,220.37,38964819,8586566925.4,361508,4079710,10.47,8.69145340415258,Bull run,223.979,308.07,139.887
DHFL,EQ,225.1,229.4,241.8,227.05,230.5,231.55,234.34,25104360,5882875965.15,227479,2804289,11.17,2.8653931585961967,Positive,219.829,295.246,144.411
DHFL,EQ,231.55,235.0,240.0,226.5,231.35,231.4,233.41,24138633,5634240205.15,225165,3571412,14.8,-0.06478082487584302,Slight or No change,215.482,278.994,151.97
DHFL,EQ,231.4,232.0,237.0,203.1,219.5,220.35,219.85,33151077,7288409417.7,298819,2750498,8.3,-4.77528089887641,Among top losers,211.107,262.23,159.984
DHFL,EQ,220.35,223.55,234.5,223.55,227.6,228.0,228.88,14939699,3419451264.95,132667,1287674,8.62,3.4717494894486167,Among top gainers,208.193,248.697,167.688
DHFL,EQ,228.0,230.3,235.0,229.65,230.6,230.5,231.0,2337674,539998862.45,28349,501029,21.43,1.0964912280701844,Positive,207.807,247.264,168.35
DHFL,EQ,230.5,232.0,233.9,227.0,233.0,232.65,230.76,10177259,2348512834.8,91508,1266459,12.44,0.9327548806941532,Slight positive,209.386,251.024,167.748
DHFL,EQ,232.65,235.0,249.7,232.05,240.2,241.55,240.65,23851149,5739825761.75,211483,2874737,12.05,3.825488931871912,Among top gainers,213.182,256.246,170.119
DHFL,EQ,241.55,240.0,243.55,231.4,237.05,237.2,236.69,12943050,3063538158.25,112714,1263432,9.76,-1.8008693852204605,Negative,216.346,259.5,173.193
DHFL,EQ,237.2,239.1,244.9,236.55,237.5,238.9,240.91,10653510,2566530844.4,96826,1267770,11.9,0.7166947723440176,Slight positive,219.818,261.748,177.888
DHFL,EQ,238.9,239.0,246.7,228.4,242.85,244.35,238.56,12359848,2948508704.05,149586,1728512,13.98,2.2812892423608178,Positive,224.139,262.412,185.867
DHFL,EQ,244.35,245.45,247.0,222.35,226.0,225.35,232.35,16251271,3776008130.65,187438,2970911,18.28,-7.775731532637608,Bear drop,227.086,257.656,196.515
DHFL,EQ,225.35,227.0,235.0,225.7,231.55,231.4,231.37,9529435,2204864558.4,102558,1045674,10.97,2.6847126691812884,Positive,230.386,249.189,211.583
DHFL,EQ,231.4,229.65,241.45,220.0,226.25,225.3,229.94,22120570,5086479059.55,211990,2115391,9.56,-2.636127917026787,Negative,231.686,245.375,217.997
DHFL,EQ,225.3,227.7,238.8,224.25,235.0,234.85,232.4,24463945,5685363299.55,233919,2083019,8.51,4.238792720816687,Among top gainers,232.382,245.612,219.152
DHFL,EQ,234.85,238.65,242.85,230.0,231.4,232.75,237.49,20766936,4931962095.15,196347,1939215,9.34,-0.8941877794336751,Slight negative,232.468,245.69,219.245
DHFL,EQ,232.75,234.9,234.9,218.6,222.25,222.4,223.72,12876386,2880719462.25,112456,1655914,12.86,-4.446831364124592,Among top losers,231.825,246.104,217.546
DHFL,EQ,222.4,223.7,227.85,217.25,221.3,222.0,223.37,11852507,2647512856.9,103425,1539687,12.99,-0.17985611510791255,Slight or No change,231.943,245.836,218.05
DHFL,EQ,222.0,221.0,221.05,201.4,209.8,208.95,208.62,23687833,4941829007.5,223705,4247628,17.93,-5.878378378378379,Among top losers,230.582,249.101,212.064
DHFL,EQ,208.95,209.8,210.7,197.5,200.55,199.95,203.8,16701239,3403651729.55,146946,3558547,21.31,-4.307250538406315,Among top losers,228.4,253.121,203.679
DHFL,EQ,199.95,207.0,216.85,207.0,212.4,212.75,211.97,21239611,4502100067.05,180610,2938918,13.84,6.401600400100027,Among top gainers,226.979,252.906,201.051
DHFL,EQ,212.75,214.0,219.8,212.65,217.8,217.7,216.52,10513054,2276326267.1,87344,1375131,13.08,2.3266745005875444,Positive,225.275,250.193,200.357
DHFL,EQ,217.7,219.0,227.7,216.2,222.9,224.2,223.24,14753395,3293490147.6,120855,1701748,11.53,2.9857602204869105,Positive,224.346,248.3,200.393
DHFL,EQ,224.2,222.85,222.85,206.45,211.8,210.9,214.23,12582126,2695465412.15,107148,1853728,14.73,-5.932203389830503,Among top losers,222.346,245.735,198.958
DHFL,EQ,210.9,209.5,209.8,202.5,205.1,205.65,205.18,8320311,1707149283.2,69441,1325403,15.93,-2.48933143669986,Negative,219.582,240.816,198.348
DHFL,EQ,205.65,208.0,210.0,200.1,201.65,202.6,204.54,7328622,1499032833.1,64067,925714,12.63,-1.483102358375887,Negative,217.957,240.717,195.197
DHFL,EQ,202.6,195.0,201.0,193.0,198.3,198.2,197.46,7910948,1562094128.75,70965,1437360,18.17,-2.171767028627836,Negative,215.586,239.214,191.957
DHFL,EQ,198.2,194.0,209.95,193.5,207.3,206.45,205.25,11057807,2269667873.55,91809,1219932,11.03,4.162462159434921,Among top gainers,214.239,237.63,190.848
DHFL,EQ,206.45,211.0,215.6,209.1,214.1,213.85,212.91,8408588,1790238605.45,67650,1599098,19.02,3.5844030031484624,Among top gainers,212.739,232.908,192.571
DHFL,EQ,213.85,218.1,228.7,216.5,219.0,218.45,222.62,14433085,3213158466.75,120179,1658720,11.49,2.151040448912789,Positive,211.718,228.721,194.715
DHFL,EQ,218.45,219.0,221.0,215.3,215.6,216.65,217.94,6428148,1400951166.7,56722,1148996,17.87,-0.8239871824216038,Slight negative,211.307,227.455,195.159
DHFL,EQ,216.65,217.8,219.75,214.1,217.95,218.0,217.27,4724600,1026520050.1,39403,651063,13.78,0.6231248557581281,Slight positive,211.021,226.481,195.562
DHFL,EQ,218.0,215.95,218.8,213.35,214.0,214.05,215.63,4581599,987936376.2,48873,1080192,23.58,-1.8119266055045768,Negative,211.386,226.876,195.896
DHFL,EQ,214.05,216.45,230.0,216.25,226.0,227.4,224.5,17094676,3837757436.25,137301,2781399,16.27,6.236860546601263,Among top gainers,213.346,229.534,197.159
DHFL,EQ,227.4,224.55,242.3,222.85,238.5,238.15,235.79,24128201,5689081342.85,188693,3386908,14.04,4.727352682497799,Among top gainers,215.161,236.067,194.255
DHFL,EQ,238.15,239.55,245.7,232.35,240.5,240.65,239.63,20483987,4908549645.1,154454,3472157,16.95,1.0497585555322209,Positive,216.8,241.768,191.832
DHFL,EQ,240.65,243.1,244.45,232.65,236.0,234.6,237.99,8610047,2049079510.3,61000,918463,10.67,-2.514024516933311,Negative,217.543,244.032,191.054
DHFL,EQ,234.6,232.0,239.3,226.55,239.0,237.95,233.17,10561279,2462552447.05,81283,884909,8.38,1.4279624893435594,Positive,219.475,247.762,191.188
DHFL,EQ,237.95,241.4,243.35,237.5,237.7,239.65,239.9,10126105,2429232001.5,58897,3523101,34.79,0.7144358058415623,Slight positive,221.904,250.907,192.901
DHFL,EQ,239.65,241.0,243.5,237.5,240.6,240.35,240.8,6458677,1555270340.5,48378,930642,14.41,0.29209263509284433,Slight or No change,224.6,252.882,196.318
DHFL,EQ,240.35,244.25,252.4,244.25,248.5,249.4,248.72,17694140,4400966907.3,127973,2326620,13.15,3.7653422092781335,Among top gainers,228.257,255.035,201.479
DHFL,EQ,249.4,249.9,249.9,245.55,246.6,246.35,246.89,5893712,1455087440.75,41679,1018733,17.29,-1.2229350441058549,Negative,231.107,256.336,205.878
DHFL,EQ,246.35,245.2,249.35,240.3,241.5,241.7,245.18,7176965,1759615528.35,52394,1028224,14.33,-1.887558351938301,Negative,233.096,256.81,209.383
DHFL,EQ,241.7,241.75,244.3,234.0,234.95,235.65,239.4,5839267,1397934010.35,47835,812837,13.92,-2.5031030202730564,Negative,234.325,256.502,212.148
DHFL,EQ,235.65,235.2,239.3,230.35,239.0,238.05,235.34,7329962,1725050928.9,56615,771665,10.53,1.0184595798854224,Positive,235.854,255.6,216.107
DHFL,EQ,238.05,241.0,242.4,227.3,228.8,228.8,234.82,6243654,1466139025.55,51418,1352611,21.66,-3.8857382902751536,Among top losers,236.625,254.077,219.173
DHFL,EQ,228.8,230.95,232.4,226.8,230.4,231.1,230.17,6103301,1404796293.35,54738,769335,12.61,1.0052447552447497,Positive,237.843,250.122,225.564
DHFL,EQ,231.1,232.8,233.4,223.25,227.5,227.15,227.45,6664452,1515799674.1,49330,1209483,18.15,-1.7092167892687082,Negative,237.825,250.17,225.48
DHFL,EQ,227.15,227.7,229.65,223.0,224.95,224.1,225.83,4514692,1019554648.95,36046,692811,15.35,-1.3427250715386307,Negative,236.821,251.174,222.469
DHFL,EQ,224.1,226.3,226.4,221.0,221.3,222.45,224.1,3626974,812815225.25,32488,707441,19.5,-0.7362784471218187,Slight negative,235.521,251.576,219.467
DHFL,EQ,222.45,221.85,224.25,218.5,220.5,220.9,221.26,4725432,1045572050.55,38871,666552,14.11,-0.6967857945605727,Slight negative,234.543,252.407,216.678
DHFL,EQ,220.9,221.25,225.5,221.2,224.0,223.75,223.43,3888640,868840850.85,32652,674584,17.35,1.290176550475319,Positive,233.529,252.156,214.901
DHFL,EQ,223.75,219.15,227.35,219.15,223.3,223.1,224.03,5538351,1240773738.75,45139,802214,14.48,-0.290502793296088,Slight or No change,232.346,251.396,213.297
DHFL,EQ,223.1,224.75,226.35,218.0,221.1,219.8,221.38,4421460,978823636.2,38062,848322,19.19,-1.4791573285522164,Negative,230.879,250.432,211.325
DHFL,EQ,219.8,221.2,222.85,214.65,216.9,216.05,218.25,4305225,939629825.1,36237,731387,16.99,-1.7060964513193833,Negative,228.496,246.385,210.608
DHFL,EQ,216.05,216.0,217.95,210.3,211.0,211.8,213.69,3664959,783173858.8,31971,831722,22.69,-1.9671372367507491,Negative,226.029,242.805,209.252
DHFL,EQ,211.8,211.5,213.7,203.7,205.35,205.3,207.33,6065268,1257529136.9,50586,1205353,19.87,-3.0689329556185085,Among top losers,223.429,241.006,205.851
DHFL,EQ,205.3,206.0,213.3,206.0,209.55,209.6,209.75,6409510,1344416431.8,52997,934684,14.58,2.0944958597174823,Positive,221.568,239.088,204.048
DHFL,EQ,209.6,210.8,210.8,202.9,210.0,207.65,206.44,4803404,991597099.65,43509,899190,18.72,-0.9303435114503712,Slight negative,219.396,235.603,203.19
DHFL,EQ,207.65,211.0,223.8,199.5,208.0,209.1,214.17,26135632,5597513178.3,230993,2746771,10.51,0.698290392487344,Slight positive,217.989,234.099,201.879
DHFL,EQ,209.1,203.0,205.6,183.7,184.95,184.9,190.99,23916011,4567710091.2,221143,5682570,23.76,-11.573409851745575,Bear drop,214.689,236.974,192.404
DHFL,EQ,184.9,182.85,184.0,161.3,172.35,169.7,173.8,43628379,7582604094.05,403388,5084226,11.65,-8.220659816116827,Bear drop,210.586,242.194,178.977
DHFL,EQ,169.7,167.1,169.6,153.55,160.4,161.45,161.22,57307542,9239378577.75,445790,6544088,11.42,-4.861520329994106,Among top losers,206.111,246.104,166.117
DHFL,EQ,161.45,156.1,157.5,129.5,134.95,135.9,140.29,93032836,13051774610.0,696754,11276676,12.12,-15.825332920408785,Bear drop,199.929,253.496,146.361
DHFL,EQ,135.9,134.0,134.5,102.1,110.8,111.2,115.81,94989171,11000297445.8,661430,10620426,11.18,-18.175128771155254,Bear drop,192.093,262.036,122.149
DHFL,EQ,111.2,100.1,126.7,96.8,115.05,115.5,112.77,116877027,13180686013.95,819093,8939630,7.65,3.866906474820131,Among top gainers,184.361,262.663,106.058
DHFL,EQ,115.5,114.6,123.7,113.0,122.25,122.3,119.96,45736545,5486628672.55,288324,4826401,10.55,5.8874458874458755,Among top gainers,177.161,258.593,95.728
DHFL,EQ,122.3,124.0,125.0,113.0,119.95,119.35,119.27,27483120,3277883014.6,167377,2673182,9.73,-2.4121013900245347,Negative,169.986,252.922,87.05
DHFL,EQ,119.35,120.0,122.75,114.55,115.45,115.7,118.46,18215871,2157827613.85,122571,2331731,12.8,-3.0582320904901428,Among top losers,162.818,245.95,79.686
DHFL,EQ,115.7,112.9,116.5,104.5,109.0,109.15,110.07,20598446,2267323825.4,142648,2116347,10.27,-5.661192739844422,Among top losers,155.486,238.114,72.858
DHFL,EQ,109.15,109.15,109.65,103.1,104.5,104.85,105.64,18177580,1920333203.75,120990,1433727,7.89,-3.93953275309209,Among top losers,148.311,229.742,66.88
DHFL,EQ,104.85,104.4,108.75,103.5,106.3,106.45,106.33,12866364,1368031196.65,83541,1235118,9.6,1.5259895088221451,Positive,140.943,216.972,64.913
DHFL,EQ,106.45,108.0,112.65,106.3,111.6,111.2,109.48,14431475,1579958322.95,86434,2097691,14.54,4.462188821042745,Among top gainers,134.054,200.979,67.128
DHFL,EQ,111.2,104.0,131.35,103.95,127.7,127.95,120.55,54153006,6528103856.65,394940,5432957,10.03,15.062949640287759,Bull run,128.257,179.374,77.141
DHFL,EQ,127.95,128.1,129.45,121.0,122.3,123.2,124.73,19036558,2374424034.15,129097,1740549,9.14,-3.7123876514263414,Among top losers,123.85,163.219,84.481
DHFL,EQ,123.2,124.9,135.5,124.9,128.9,128.85,130.83,32069129,4195745868.15,199313,2609411,8.14,4.586038961038952,Among top gainers,120.932,150.497,91.368
DHFL,EQ,128.85,129.0,130.5,125.2,126.8,126.75,127.36,11188343,1424977382.85,68995,923643,8.26,-1.6298020954598311,Negative,118.454,137.238,99.669
DHFL,EQ,126.75,127.4,131.3,126.75,130.4,130.35,129.63,9380032,1215951137.0,60068,1520310,16.21,2.8402366863905293,Positive,118.057,135.438,100.676
DHFL,EQ,130.35,131.45,141.75,131.45,137.7,137.15,136.97,23133535,3168684040.05,143071,2374209,10.26,5.216724204065981,Among top gainers,119.911,139.532,100.29
DHFL,EQ,137.15,138.0,142.5,137.55,139.2,139.2,140.05,14438762,2022215985.15,91114,1708520,11.83,1.4947138169886909,Positive,121.604,143.538,99.669
DHFL,EQ,139.2,142.0,143.4,135.1,137.0,136.75,138.34,11792540,1631367248.2,71800,2676852,22.7,-1.7600574712643646,Negative,122.636,146.024,99.248
DHFL,EQ,136.75,130.5,134.9,125.45,130.6,130.6,130.17,22322829,2905673990.4,136328,2677027,11.99,-4.497257769652652,Among top losers,123.439,147.112,99.766
DHFL,EQ,130.6,132.1,136.25,127.5,127.7,128.2,130.99,14292134,1872189913.15,85819,2808659,19.65,-1.8376722817764255,Negative,124.332,147.688,100.976
DHFL,EQ,128.2,128.0,130.45,126.6,128.1,127.4,128.25,13919890,1785225795.0,58412,3935364,28.27,-0.6240249609984261,Slight negative,125.636,147.319,103.952
DHFL,EQ,127.4,127.55,132.5,127.4,128.7,128.8,129.61,13312683,1725511719.5,64748,2850817,21.41,1.098901098901095,Positive,127.346,145.449,109.244
DHFL,EQ,128.8,129.4,135.25,129.4,133.55,133.9,133.21,17764598,2366451492.55,95973,4934464,27.78,3.9596273291925494,Among top gainers,129.307,143.091,115.523
DHFL,EQ,133.9,147.25,162.3,147.25,148.5,148.75,152.98,51106855,7818232961.5,271379,8408485,16.45,11.090365944734868,Bull run,131.989,145.197,118.782
DHFL,EQ,148.75,150.7,152.0,138.2,141.65,141.6,143.63,30408622,4367557176.3,190322,3879907,12.76,-4.806722689075637,Among top losers,132.964,146.884,119.045
DHFL,EQ,141.6,141.6,144.25,138.85,139.9,139.85,141.42,13328310,1884860942.55,84705,2350726,17.64,-1.235875706214684,Negative,134.154,147.303,121.004
DHFL,EQ,139.85,138.15,139.3,130.75,132.65,132.8,133.63,21197479,2832647574.4,165792,5279057,24.9,-5.0411154808723495,Among top losers,134.436,147.261,121.611
DHFL,EQ,132.8,133.95,135.6,128.4,128.6,128.85,131.46,18315985,2407902724.7,142942,5086359,27.77,-2.974397590361455,Negative,134.586,147.068,122.104
DHFL,EQ,128.85,129.45,131.3,126.7,127.7,127.9,129.05,15831063,2042992312.0,112318,2801594,17.7,-0.737291424136588,Slight negative,134.411,147.213,121.608
DHFL,EQ,127.9,134.25,136.7,130.3,132.55,131.9,132.65,22993776,3050098133.65,135703,3809058,16.57,3.127443315089917,Among top gainers,134.036,146.8,121.271
DHFL,EQ,131.9,132.7,133.3,128.4,132.4,132.2,131.09,15648972,2051499865.45,97474,3044490,19.45,0.2274450341167356,Slight or No change,133.536,145.973,121.099
DHFL,EQ,132.2,136.0,140.0,134.3,135.85,135.9,136.85,22946837,3140269574.4,135002,4649836,20.26,2.7987897125567374,Positive,133.475,145.853,121.097
DHFL,EQ,135.9,137.8,138.0,134.1,136.85,136.2,135.77,10116659,1373506646.85,79622,2101394,20.77,0.2207505518763586,Slight or No change,133.875,146.214,121.536
DHFL,EQ,136.2,138.8,140.0,136.4,137.25,137.6,137.95,13340293,1840358159.0,79792,1967817,14.75,1.027900146842886,Positive,134.546,146.575,122.518
DHFL,EQ,137.6,137.6,137.8,132.55,133.55,133.75,135.15,9713258,1312720840.8,57269,2810939,28.94,-2.7979651162790664,Negative,135.0,146.326,123.674
DHFL,EQ,133.75,130.4,131.3,127.4,130.55,130.25,129.77,9086139,1179119430.4,56494,1391795,15.32,-2.61682242990654,Negative,135.104,146.21,123.998
DHFL,EQ,130.25,129.5,136.5,129.5,136.5,135.3,133.48,9788031,1306491941.5,58669,2407399,24.6,3.877159309021128,Among top gainers,135.204,146.288,124.119
DHFL,EQ,135.3,136.95,140.0,135.15,136.5,136.55,137.75,14156526,1950131749.85,77758,3178023,22.45,0.9238728750923908,Slight positive,134.332,142.313,126.352
DHFL,EQ,136.55,137.5,154.8,137.5,149.2,149.5,148.64,64167497,9537982127.95,361805,8247232,12.85,9.483705602343463,Bull run,134.896,145.706,124.087
DHFL,EQ,149.5,149.5,154.2,149.0,149.45,150.25,151.56,20294215,3075703808.05,117869,3154508,15.54,0.5016722408026864,Slight positive,135.639,149.036,122.243
DHFL,EQ,150.25,152.05,153.3,146.5,149.25,149.1,150.06,14133347,2120826112.0,84416,1998313,14.14,-0.7653910149750476,Slight negative,136.804,151.866,121.741
DHFL,EQ,149.1,149.65,150.1,142.8,145.2,145.0,146.78,13496504,1981027448.45,73993,3255980,24.12,-2.749832327297108,Negative,137.957,152.869,123.045
DHFL,EQ,145.0,145.9,152.85,145.05,148.2,148.0,149.39,23490110,3509181538.2,140411,3064567,13.05,2.0689655172413834,Positive,139.393,154.001,124.785
DHFL,EQ,148.0,149.0,150.75,146.5,149.0,148.9,148.91,13145366,1957413472.95,71410,1352088,10.29,0.6081081081081186,Slight positive,140.607,155.358,125.857
DHFL,EQ,148.9,149.75,165.5,149.5,165.05,163.5,160.34,65545304,10509374228.2,354313,8814868,13.45,9.805238415043661,Bull run,142.843,161.161,124.525
DHFL,EQ,163.5,166.6,169.85,157.3,161.6,161.2,163.95,35281349,5784207990.25,196155,5674333,16.08,-1.4067278287461793,Negative,144.65,164.907,124.393
DHFL,EQ,161.2,161.6,168.85,154.0,167.05,167.4,162.31,35063243,5691155660.7,183956,3192412,9.1,3.846153846153855,Among top gainers,146.879,169.818,123.939
DHFL,EQ,167.4,165.45,172.9,164.7,167.2,167.65,169.06,30986439,5238631728.8,165841,3052699,9.85,0.14934289127837008,Slight or No change,149.025,173.777,124.273
DHFL,EQ,167.65,167.9,174.55,163.15,171.7,172.65,170.3,37160448,6328555397.2,199559,3475352,9.35,2.982403817476875,Positive,151.804,177.868,125.739
DHFL,EQ,172.65,167.9,173.4,166.0,166.9,167.05,169.68,21761781,3692628973.45,119094,3525938,16.2,-3.243556327830865,Among top losers,154.432,178.477,130.387
DHFL,EQ,167.05,169.25,169.95,166.2,166.8,167.2,168.09,9298244,1562979405.05,59725,2102142,22.61,0.08979347500746028,Slight or No change,156.711,178.922,134.5
DHFL,EQ,167.2,167.0,176.45,166.2,170.6,171.0,171.89,21723491,3734081415.5,145000,3077662,14.17,2.2727272727272707,Positive,159.171,179.296,139.047
DHFL,EQ,171.0,172.4,172.9,155.65,156.05,157.1,160.52,25656182,4118344296.9,157198,6625743,25.83,-8.128654970760241,Bear drop,159.714,179.112,140.317
DHFL,EQ,157.1,153.0,153.05,138.6,138.9,140.05,143.81,29400620,4228009581.55,183316,5000644,17.01,-10.852959898154037,Bear drop,158.986,180.559,137.412
DHFL,EQ,140.05,139.0,148.6,136.3,140.65,140.15,143.29,32161880,4608611377.9,187899,3244021,10.09,0.0714030703320212,Slight or No change,158.346,181.643,135.05
DHFL,EQ,140.15,141.0,146.3,141.0,144.75,144.75,143.9,16152532,2324271910.8,100111,2481950,15.37,3.282197645379936,Among top gainers,158.329,181.67,134.987
DHFL,EQ,144.75,145.4,151.0,143.05,144.95,144.6,146.92,16168205,2375496146.5,96183,2322558,14.36,-0.10362694300518616,Slight or No change,158.086,181.955,134.217
DHFL,EQ,144.6,147.5,148.9,140.6,143.5,143.25,144.57,14637228,2116146137.5,89578,1696192,11.59,-0.9336099585062207,Slight negative,157.682,182.396,132.968
DHFL,EQ,143.25,143.1,143.2,129.15,132.8,135.15,133.26,23539919,3136917125.5,141614,5022119,21.33,-5.654450261780098,Among top losers,155.657,182.84,128.474
DHFL,EQ,135.15,134.0,142.25,130.6,133.9,133.9,136.43,20108619,2743495615.3,119881,2009447,9.99,-0.9248982611912648,Slight negative,153.707,183.011,124.403
DHFL,EQ,133.9,134.7,142.8,131.2,142.45,141.3,137.59,29016019,3992336416.05,164882,3767111,12.98,5.52651232262884,Among top gainers,151.843,180.712,122.973
DHFL,EQ,141.3,139.65,139.65,132.1,132.5,132.95,134.07,20724420,2778588825.65,117139,4698473,22.67,-5.909412597310704,Among top losers,149.364,178.346,120.383
DHFL,EQ,132.95,134.1,135.5,114.85,115.85,116.6,123.59,40282663,4978487810.65,224949,7841695,19.47,-12.29785633696878,Bear drop,145.361,175.928,114.794
DHFL,EQ,116.6,114.4,120.5,110.1,116.45,116.3,116.45,43462525,5061121121.55,227480,3103271,7.14,-0.2572898799313883,Slight or No change,141.736,173.245,110.226
DHFL,EQ,116.3,117.0,120.2,115.0,116.0,116.0,117.49,22773577,2675733139.5,128347,2423242,10.64,-0.2579535683576939,Slight or No change,138.079,168.73,107.427
DHFL,EQ,116.0,118.0,119.4,115.1,116.2,116.4,117.48,14732475,1730775925.75,80911,1657063,11.25,0.34482758620690834,Slight or No change,134.179,160.353,108.004
DHFL,EQ,116.4,116.0,116.0,110.1,111.05,110.95,112.51,17593462,1979501489.05,106435,1837700,10.45,-4.682130584192445,Among top losers,130.882,156.233,105.531
